policy_id,comm_i_term_m,intermediary_nm,dist_channel,intermediary_reg,policy_key,intrust,business_personal,effective_date,currency,insurer,intermediary_id,extract_date
((y0d96c4fa-3e58-4bc4-b086-2d96d925ca00,comm_i_term_m_2,intermediary_nm_23,dist_channel_1,intermediary_reg_3,0622ec30-89f3-4d5b-b268-516b8489c432,intrust_1,business_personal_1,11/11/2022,currency_1,insurer_1,intermediary_id_27,17/03/2023
yut0d96c4fa-3e58-4bc4-b086-2d96d925ca00,comm_i_term_m_2,intermediary_nm_23,dist_channel_1,intermediary_reg_3,0622ec30-89f3-4d5b-b268-516b8489c432,intrust_1,business_personal_1,11/11/2022,currency_1,insurer_1,intermediary_id_27,17/03/2023
(((0d96c4fa-3e58-4bc4-b086-2d96d925ca00,comm_i_term_m_2,intermediary_nm_23,dist_channel_1,intermediary_reg_3,0622ec30-89f3-4d5b-b268-516b8489c432,intrust_1,business_personal_1,11/11/2022,currency_1,insurer_1,intermediary_id_27,17/03/2023
yuit0d96c4fa-3e58-4bc4-b086-2d96d925ca00,comm_i_term_m_2,intermediary_nm_23,dist_channel_1,intermediary_reg_3,0622ec30-89f3-4d5b-b268-516b8489c432,intrust_1,business_personal_1,11/11/2022,currency_1,insurer_1,intermediary_id_27,17/03/2023
dd0d96c4fa-3e58-4bc4-b086-2d96d925ca00,comm_i_term_m_2,intermediary_nm_23,dist_channel_1,intermediary_reg_3,0622ec30-89f3-4d5b-b268-516b8489c432,intrust_1,business_personal_1,11/11/2022,currency_1,insurer_1,intermediary_id_27,17/03/2023
0d96c4fa-3e58-4bc4-b086-2d96d925ca00,comm_i_term_m_2,intermediary_nm_23,dist_channel_1,intermediary_reg_3,0622ec30-89f3-4d5b-b268-516b8489c432,intrust_1,business_personal_1,11/11/2022,currency_1,insurer_1,intermediary_id_27,17/03/2023
69c19026-c573-43f6-abf3-f76b5c291a42,comm_i_term_m_1,intermediary_nm_14,dist_channel_1,intermediary_reg_14,c01670d7-0dab-44e8-8388-5fb97e6850ec,intrust_1,business_personal_1,16/12/2022,currency_1,insurer_1,intermediary_id_14,17/03/2023
b3337023-18c7-4820-a916-f53e89ecb07b,comm_i_term_m_2,intermediary_nm_1,dist_channel_1,intermediary_reg_1,3ca93f16-609b-493c-ac6d-638d544ff789,intrust_1,business_personal_1,05/01/2023,currency_1,insurer_1,intermediary_id_1,17/03/2023
da762e6f-71a0-4e0d-aae0-c7a182985e0a,comm_i_term_m_3,intermediary_nm_105,dist_channel_1,intermediary_reg_118,7bdc856b-2792-4ede-b83a-a24d3f9d4de3,intrust_1,business_personal_1,03/03/2023,currency_1,insurer_1,intermediary_id_100,17/03/2023
((y0d96c4fa-3e58-4bc4-b086-2d96d925ca00,comm_i_term_m_1,intermediary_nm_29,dist_channel_1,intermediary_reg_25,f057831e-c9d5-4e28-8ae6-024519d81c0d,intrust_1,business_personal_1,23/11/2022,currency_1,insurer_1,intermediary_id_26,17/03/2023
yut0d96c4fa-3e58-4bc4-b086-2d96d925ca00,comm_i_term_m_1,intermediary_nm_18,dist_channel_1,intermediary_reg_19,bef8a780-ca8b-421c-bc8a-502b20fc8e77,intrust_1,business_personal_1,13/03/2023,currency_1,insurer_1,intermediary_id_17,17/03/2023
b48da09c-f2ba-421a-93b1-732ea1cec4db,comm_i_term_m_2,intermediary_nm_21,dist_channel_1,intermediary_reg_20,b79dec97-faf4-44d1-bed4-47b8a1356101,intrust_1,business_personal_1,02/02/2023,currency_1,insurer_1,intermediary_id_20,17/03/2023
88e6c725-bed4-4629-a4d1-1c9b329c7d9a,comm_i_term_m_1,intermediary_nm_473,dist_channel_1,intermediary_reg_285,53259e4e-5055-4400-8bcc-1c8f8f8bab18,intrust_1,business_personal_1,10/11/2022,currency_1,insurer_1,intermediary_id_266,17/03/2023
(((0d96c4fa-3e58-4bc4-b086-2d96d925ca00,comm_i_term_m_1,intermediary_nm_117,dist_channel_1,intermediary_reg_122,7c60ae59-dd3c-4442-aeb5-22a1965e40af,intrust_1,business_personal_1,10/03/2023,currency_1,insurer_1,intermediary_id_117,17/03/2023
yuit0d96c4fa-3e58-4bc4-b086-2d96d925ca00,comm_i_term_m_1,intermediary_nm_92,dist_channel_1,intermediary_reg_107,7c643d73-2730-4e43-801d-3e254cd2a7d5,intrust_1,business_personal_1,23/02/2023,currency_1,insurer_1,intermediary_id_120,17/03/2023
530ae5fb-c22d-46fa-ae9a-0631020cc9c0,comm_i_term_m_1,intermediary_nm_43,dist_channel_1,intermediary_reg_42,c2eeef1a-0b05-4abd-9cd9-cb8d8e9e027f,intrust_1,business_personal_1,16/12/2022,currency_1,insurer_1,intermediary_id_40,17/03/2023
7238b033-f355-41ca-a3a0-614e6a7b39e1,comm_i_term_m_3,intermediary_nm_105,dist_channel_1,intermediary_reg_118,3b48a56e-f0ab-4557-8aba-df2da8b059fb,intrust_1,business_personal_1,28/12/2022,currency_1,insurer_1,intermediary_id_100,17/03/2023
45d0aaf1-c380-4eae-af60-9b08e5ad5524,comm_i_term_m_2,intermediary_nm_1,dist_channel_1,intermediary_reg_1,fefdf372-9be1-4a48-8766-374fd28e82ae,intrust_1,business_personal_1,15/02/2023,currency_1,insurer_1,intermediary_id_1,17/03/2023
2c31fb82-a42f-41ef-b715-09239a274fb1,comm_i_term_m_2,intermediary_nm_5,dist_channel_1,intermediary_reg_5,de8d5e58-c9bf-4cfb-8352-11ca549fed94,intrust_1,business_personal_1,21/12/2022,currency_1,insurer_1,intermediary_id_5,17/03/2023
17f356e2-839e-4a85-9612-99af22ce1abc,comm_i_term_m_1,intermediary_nm_2,dist_channel_1,intermediary_reg_2,a0e6182f-6e67-4d2e-906e-e5d18f21b785,intrust_1,business_personal_1,01/02/2023,currency_1,insurer_1,intermediary_id_2,17/03/2023
0f5af6b0-9ba8-4d84-ad57-fed62c5aa15a,comm_i_term_m_1,intermediary_nm_45,dist_channel_1,intermediary_reg_45,9303f5fc-7e56-4077-ad1a-7535b2a957b9,intrust_1,business_personal_1,08/03/2023,currency_1,insurer_1,intermediary_id_45,17/03/2023
6cdbedfd-fe87-4d8d-b435-7cc8cbb607b1,comm_i_term_m_2,intermediary_nm_3,dist_channel_1,intermediary_reg_3,d8145cd1-802d-42fe-a8c6-bb52c67a92da,intrust_1,business_personal_1,13/12/2022,currency_1,insurer_1,intermediary_id_3,17/03/2023
b152a624-d939-4a77-b559-8ed7f4d05c87,comm_i_term_m_1,intermediary_nm_60,dist_channel_1,intermediary_reg_52,f3d53886-8c55-4635-b628-372b1e2718be,intrust_1,business_personal_1,23/11/2022,currency_1,insurer_1,intermediary_id_61,17/03/2023
e0ab1076-2e90-44a0-9248-70c8ba881f7e,comm_i_term_m_1,intermediary_nm_74,dist_channel_1,intermediary_reg_79,1c247597-6823-490e-bbc1-542fe86c974f,intrust_1,business_personal_1,13/01/2023,currency_1,insurer_1,intermediary_id_71,17/03/2023
f9bb66d4-dd81-4aaf-877c-fd1d451bcb4f,comm_i_term_m_1,intermediary_nm_12,dist_channel_1,intermediary_reg_12,8c09fc7b-79f3-47c9-ab2e-0bcfaff71747,intrust_1,business_personal_1,08/03/2023,currency_1,insurer_1,intermediary_id_12,17/03/2023
39ee3135-8b36-4e73-a802-ba6d62bd8c0f,comm_i_term_m_1,intermediary_nm_11,dist_channel_1,intermediary_reg_11,ddd358dc-d350-4396-af9f-3aab2fea06ca,intrust_1,business_personal_1,25/02/2023,currency_1,insurer_1,intermediary_id_11,17/03/2023
67b52a91-0840-49bc-af00-1883a74ef8c7,comm_i_term_m_2,intermediary_nm_1,dist_channel_1,intermediary_reg_1,a4dbf5d5-ef26-44e2-ac26-a2ac4bf2e53d,intrust_1,business_personal_1,09/03/2023,currency_1,insurer_1,intermediary_id_1,17/03/2023
3013dbba-69db-4e00-a587-fbcc3692c536,comm_i_term_m_1,intermediary_nm_129,dist_channel_1,intermediary_reg_189,0c8a816c-c06b-4acf-b3eb-c38bb7a5277b,intrust_1,business_personal_1,19/11/2022,currency_1,insurer_1,intermediary_id_193,17/03/2023
7f6ffdaa-a691-4beb-8d20-e2d4fb4cd96f,comm_i_term_m_1,intermediary_nm_2,dist_channel_1,intermediary_reg_2,7dd82689-78a3-468b-96be-4cc1402c1429,intrust_1,business_personal_1,25/01/2023,currency_1,insurer_1,intermediary_id_2,17/03/2023
224a2bcb-68e5-4ed1-8cd3-a20a0737f60d,comm_i_term_m_1,intermediary_nm_27,dist_channel_1,intermediary_reg_29,3826ed6b-0625-4f0a-8236-a4e2062b3788,intrust_1,business_personal_1,20/12/2022,currency_1,insurer_1,intermediary_id_24,17/03/2023
1813b299-b379-40f9-8d42-5716a789b5da,comm_i_term_m_1,intermediary_nm_169,dist_channel_1,intermediary_reg_199,51d4c788-0c5d-487b-a838-df5fdca48ada,intrust_1,business_personal_1,18/01/2023,currency_1,insurer_1,intermediary_id_144,17/03/2023
276fa78d-0d47-42dc-8a1f-b0932a1c148b,comm_i_term_m_2,intermediary_nm_3,dist_channel_1,intermediary_reg_3,844562a7-ac58-4d87-bf7d-a3f1a9a01e79,intrust_1,business_personal_1,07/03/2023,currency_1,insurer_1,intermediary_id_3,17/03/2023
a901f874-4e2a-44e6-96bd-d02c07f03221,comm_i_term_m_1,intermediary_nm_265,dist_channel_1,intermediary_reg_413,2eab8b6c-1203-4f3b-8e41-da8f59b9eb5c,intrust_1,business_personal_1,13/01/2023,currency_1,insurer_1,intermediary_id_460,17/03/2023
f13a125c-3d7b-4478-82e8-ccaa91bf9f64,comm_i_term_m_1,intermediary_nm_175,dist_channel_1,intermediary_reg_159,5ed7cca9-7b1f-406b-8bc9-44def8bcb368,intrust_1,business_personal_1,07/03/2023,currency_1,insurer_1,intermediary_id_201,17/03/2023
bea39ea6-0107-46d8-b047-7d47b6b4b345,comm_i_term_m_1,intermediary_nm_296,dist_channel_1,intermediary_reg_349,b7c8fb63-58a2-4ca3-a392-88b31f1d45f7,intrust_1,business_personal_1,09/02/2023,currency_1,insurer_1,intermediary_id_293,17/03/2023
a2fa4602-a493-45cc-83b1-f32f8e650e08,comm_i_term_m_3,intermediary_nm_4,dist_channel_1,intermediary_reg_4,ca1aa832-6b1e-48a5-aa5e-30fdb04d63ea,intrust_1,business_personal_1,19/01/2023,currency_1,insurer_1,intermediary_id_4,17/03/2023
13699544-c931-41fa-a45f-769b587fb01e,comm_i_term_m_1,intermediary_nm_60,dist_channel_1,intermediary_reg_52,9ff56a67-bfa6-419b-96bd-442ec0fc6cb7,intrust_1,business_personal_1,24/11/2022,currency_1,insurer_1,intermediary_id_61,17/03/2023
bd8465d6-1d17-4cd7-8841-979ce59b3ff5,comm_i_term_m_1,intermediary_nm_385,dist_channel_1,intermediary_reg_378,acfa4ca1-1373-44f8-acfd-b7e873d20dcb,intrust_1,business_personal_1,21/02/2023,currency_1,insurer_1,intermediary_id_263,17/03/2023
a68cf12a-c597-443a-90d2-3714202b93c3,comm_i_term_m_1,intermediary_nm_31,dist_channel_1,intermediary_reg_31,ee46b4af-c4af-47f3-802a-7afcb1e706f0,intrust_1,business_personal_1,27/02/2023,currency_1,insurer_1,intermediary_id_29,17/03/2023
37cbfa59-5a2f-47fc-858b-56e930bac059,comm_i_term_m_1,intermediary_nm_37,dist_channel_1,intermediary_reg_37,5e5b1510-69eb-499c-9f9a-44b69db0b547,intrust_1,business_personal_1,07/01/2023,currency_1,insurer_1,intermediary_id_37,17/03/2023
90c79be0-5a1b-40ce-b376-a75e3af59d9e,comm_i_term_m_1,intermediary_nm_31,dist_channel_1,intermediary_reg_31,2f64bba8-aafe-4247-98b9-10b4442eadef,intrust_1,business_personal_1,08/03/2023,currency_1,insurer_1,intermediary_id_29,17/03/2023
a2dc0c03-cf74-4b79-80cb-71034b1c5a29,comm_i_term_m_1,intermediary_nm_212,dist_channel_1,intermediary_reg_218,63f42734-d5d0-4745-b853-29096db255a7,intrust_1,business_personal_1,06/12/2022,currency_1,insurer_1,intermediary_id_189,17/03/2023
8fa9dea8-baf6-46a9-925e-551753bfa6ec,comm_i_term_m_2,intermediary_nm_8,dist_channel_1,intermediary_reg_9,a59bd5f0-7829-4d74-a4d0-5fea2f20c2f2,intrust_1,business_personal_1,03/03/2023,currency_1,insurer_1,intermediary_id_9,17/03/2023
48a566e5-afa3-474a-ae41-7e6d4a85fbe6,comm_i_term_m_1,intermediary_nm_10,dist_channel_1,intermediary_reg_10,dde99c1c-8893-4fe1-8b94-9a6767ef191c,intrust_1,business_personal_1,08/11/2022,currency_1,insurer_1,intermediary_id_10,17/03/2023
08b47bc4-e4b3-4c53-b1b0-e869669f96e4,comm_i_term_m_1,intermediary_nm_475,dist_channel_1,intermediary_reg_342,bac6a8f7-893e-49d1-a5e1-cf6ac05ab7bc,intrust_1,business_personal_1,08/02/2023,currency_1,insurer_1,intermediary_id_395,17/03/2023
19330277-e494-4128-819d-2f4999c450d7,comm_i_term_m_1,intermediary_nm_72,dist_channel_1,intermediary_reg_82,be972056-acc3-40e7-8b7e-96effc3cd7a3,intrust_1,business_personal_1,29/11/2022,currency_1,insurer_1,intermediary_id_63,17/03/2023
0e545015-939b-42fa-92c6-941ba25afb01,comm_i_term_m_1,intermediary_nm_167,dist_channel_1,intermediary_reg_205,611f83af-3720-486a-b81a-71254e3d3eba,intrust_1,business_personal_1,02/03/2023,currency_1,insurer_1,intermediary_id_207,17/03/2023
c740919f-8a95-4530-b7e6-21749b843949,comm_i_term_m_1,intermediary_nm_33,dist_channel_1,intermediary_reg_30,df25c3d7-71ea-436a-a8c6-4cd4869f9077,intrust_1,business_personal_1,24/11/2022,currency_1,insurer_1,intermediary_id_31,17/03/2023
67db22cd-73f3-469e-ad29-710d06ea1a1e,comm_i_term_m_1,intermediary_nm_27,dist_channel_1,intermediary_reg_29,8a09a8e9-6a21-4d0f-9c28-7912825fac4b,intrust_1,business_personal_1,07/02/2023,currency_1,insurer_1,intermediary_id_24,17/03/2023
d4310804-e3ae-414e-881e-03eed64331ee,comm_i_term_m_1,intermediary_nm_235,dist_channel_1,intermediary_reg_438,1baecb2d-93ca-45a2-bf78-c5975fb94031,intrust_1,business_personal_1,09/02/2023,currency_1,insurer_1,intermediary_id_354,17/03/2023
a4520839-bb56-4833-8482-6c08ab1ed7ec,comm_i_term_m_2,intermediary_nm_3,dist_channel_1,intermediary_reg_3,f0ac75e2-df42-4c01-8fdd-68fe4da93be7,intrust_1,business_personal_1,16/02/2023,currency_1,insurer_1,intermediary_id_3,17/03/2023
3efc19bf-90f8-42f6-a9ea-7193b60c2f60,comm_i_term_m_1,intermediary_nm_110,dist_channel_1,intermediary_reg_106,cacc6495-50ea-4345-9656-28d18ba41340,intrust_1,business_personal_1,17/11/2022,currency_1,insurer_1,intermediary_id_99,17/03/2023
8244a7ac-3e43-45a3-b68f-9be9ff9fcc09,comm_i_term_m_1,intermediary_nm_63,dist_channel_1,intermediary_reg_76,9cf5a445-0656-427d-9de0-6b089b3be2a6,intrust_1,business_personal_1,13/01/2023,currency_1,insurer_1,intermediary_id_80,17/03/2023
2868ce94-7c5e-49a2-a643-0b0f1110b27d,comm_i_term_m_1,intermediary_nm_38,dist_channel_1,intermediary_reg_34,66aa03cf-2045-4fbe-a2c9-a8bc113e28cb,intrust_1,business_personal_1,01/12/2022,currency_1,insurer_1,intermediary_id_34,17/03/2023
2ccba8fb-04e5-4f38-a4aa-eeba30781b35,comm_i_term_m_1,intermediary_nm_10,dist_channel_1,intermediary_reg_10,e380e7e5-a9a8-4333-8cee-5343a2f85f91,intrust_1,business_personal_1,12/12/2022,currency_1,insurer_1,intermediary_id_10,17/03/2023
7246c8a6-7520-4136-8d31-8c8631898f4e,comm_i_term_m_1,intermediary_nm_64,dist_channel_1,intermediary_reg_74,4b50120d-8867-4a29-a27c-6b3a2ba42980,intrust_1,business_personal_1,28/02/2023,currency_1,insurer_1,intermediary_id_66,17/03/2023
bdd146c4-e425-4069-ae23-7fe29b94d1ba,comm_i_term_m_1,intermediary_nm_12,dist_channel_1,intermediary_reg_12,5c8d9c57-eea2-4459-9acb-8116f15f0df5,intrust_1,business_personal_1,07/11/2022,currency_1,insurer_1,intermediary_id_12,17/03/2023
b7d0915c-ce9a-4427-9fea-07d205dd2650,comm_i_term_m_2,intermediary_nm_1,dist_channel_1,intermediary_reg_1,ba2590a1-61c3-482f-94df-f1011887084b,intrust_1,business_personal_1,08/02/2023,currency_1,insurer_1,intermediary_id_1,17/03/2023
f35fe520-6946-443e-80bf-50b38d66a4e7,comm_i_term_m_1,intermediary_nm_30,dist_channel_1,intermediary_reg_33,e147e8a0-6475-4182-b3dc-82bcf97937fd,intrust_1,business_personal_1,17/03/2023,currency_1,insurer_1,intermediary_id_30,17/03/2023
97ceee3f-5e10-487f-857b-46266df72dd6,comm_i_term_m_2,intermediary_nm_1,dist_channel_1,intermediary_reg_1,351e9d8c-8056-4c99-9eb1-9e29bced90c3,intrust_1,business_personal_1,28/02/2023,currency_1,insurer_1,intermediary_id_1,17/03/2023
b3904370-4a97-468f-8a9e-ade8660851ee,comm_i_term_m_1,intermediary_nm_6,dist_channel_1,intermediary_reg_6,6ed4183b-870e-46bd-b193-048bdb64a93e,intrust_1,business_personal_1,20/02/2023,currency_1,insurer_1,intermediary_id_6,17/03/2023
7c0aa30d-bd1e-4f12-9358-3ac2c4e13b96,comm_i_term_m_1,intermediary_nm_273,dist_channel_1,intermediary_reg_335,ad1b3049-3a0a-4936-aedd-973812dfa9ac,intrust_1,business_personal_1,03/02/2023,currency_1,insurer_1,intermediary_id_314,17/03/2023
0505cdf6-7d45-4d21-bcbf-c9e546e1bb8c,comm_i_term_m_1,intermediary_nm_117,dist_channel_1,intermediary_reg_122,c93b6744-3a98-48a7-839e-c9e9112b87c0,intrust_1,business_personal_1,24/02/2023,currency_1,insurer_1,intermediary_id_117,17/03/2023
6091f99c-6876-499c-84a7-3811c6d29a06,comm_i_term_m_1,intermediary_nm_172,dist_channel_1,intermediary_reg_140,119ebebb-1dde-4471-a494-a366faf40b02,intrust_1,business_personal_1,04/01/2023,currency_1,insurer_1,intermediary_id_199,17/03/2023
910e7ede-3c06-4811-91a4-bec01668f441,comm_i_term_m_1,intermediary_nm_25,dist_channel_1,intermediary_reg_15,b1bdcae4-ea81-48eb-a951-d9c205b49ad1,intrust_1,business_personal_1,29/11/2022,currency_1,insurer_1,intermediary_id_49,17/03/2023
7747b6ae-4b02-4e6b-a024-cd75c9cacf33,comm_i_term_m_1,intermediary_nm_63,dist_channel_1,intermediary_reg_76,b861e145-29e7-481a-a653-d1125ec15a81,intrust_1,business_personal_1,23/11/2022,currency_1,insurer_1,intermediary_id_80,17/03/2023
57ecb4ea-9013-4e8e-b097-663be8ee67b3,comm_i_term_m_1,intermediary_nm_469,dist_channel_1,intermediary_reg_322,d64e2436-0292-4af4-9f0b-1702748427e5,intrust_1,business_personal_1,15/02/2023,currency_1,insurer_1,intermediary_id_481,17/03/2023
7a84b2a5-2c02-47f9-8533-893845e74c27,comm_i_term_m_1,intermediary_nm_15,dist_channel_1,intermediary_reg_16,19e1fa20-c0b5-49e2-bfa7-597e0cab7158,intrust_1,business_personal_1,14/12/2022,currency_1,insurer_1,intermediary_id_15,17/03/2023
a1896ca3-7ed4-4349-bc50-8f03c7e42d3c,comm_i_term_m_1,intermediary_nm_7,dist_channel_1,intermediary_reg_7,5ef72b55-7881-4c85-96aa-5b4e6be314f9,intrust_1,business_personal_1,14/02/2023,currency_1,insurer_1,intermediary_id_7,17/03/2023
076deaff-fee1-49c9-a8aa-56845aaa454d,comm_i_term_m_2,intermediary_nm_1,dist_channel_1,intermediary_reg_1,a2db5a9a-7ca4-4845-8b36-d46ebc6f2593,intrust_1,business_personal_1,04/01/2023,currency_1,insurer_1,intermediary_id_1,17/03/2023
66abbfe5-b8ce-4694-8ff3-4f18aab62f0d,comm_i_term_m_2,intermediary_nm_23,dist_channel_1,intermediary_reg_3,0e74d7da-bc1b-47c5-be4e-a20d6d1c2393,intrust_1,business_personal_1,20/12/2022,currency_1,insurer_1,intermediary_id_27,17/03/2023
22c252f2-d8f9-4ea9-b0b6-0abd4a366989,comm_i_term_m_1,intermediary_nm_6,dist_channel_1,intermediary_reg_6,ee2218a6-3f4e-4683-96e6-60007638c3b1,intrust_1,business_personal_1,11/01/2023,currency_1,insurer_1,intermediary_id_6,17/03/2023
0927ee2a-8468-4a86-b78b-ff15924a3ab4,comm_i_term_m_1,intermediary_nm_225,dist_channel_1,intermediary_reg_367,664ea0fe-08dc-45bd-9288-b5bdf12953e9,intrust_1,business_personal_1,12/12/2022,currency_1,insurer_1,intermediary_id_285,17/03/2023
ecb2b641-f447-41ab-a221-1d4dca1981a9,comm_i_term_m_1,intermediary_nm_379,dist_channel_1,intermediary_reg_381,2925efc9-4b11-4dd1-830b-14fb41570558,intrust_1,business_personal_1,30/01/2023,currency_1,insurer_1,intermediary_id_264,17/03/2023
3e535389-3431-4dcc-9825-9cbc037d62c2,comm_i_term_m_1,intermediary_nm_7,dist_channel_1,intermediary_reg_7,92d7be3f-3d63-41bd-8c5e-703048befeec,intrust_1,business_personal_1,21/11/2022,currency_1,insurer_1,intermediary_id_7,17/03/2023
a3c7d07f-1ba5-447f-b2cf-e3f6dab85d0c,comm_i_term_m_3,intermediary_nm_4,dist_channel_1,intermediary_reg_4,283dd802-55b5-4d82-8767-f61f10f7a1cf,intrust_1,business_personal_1,16/03/2023,currency_1,insurer_1,intermediary_id_4,17/03/2023
c2e867ab-e60f-496d-a15b-b8ea1271b2ae,comm_i_term_m_3,intermediary_nm_143,dist_channel_1,intermediary_reg_133,3c558ba0-7e6a-4639-b966-69de0eee28b6,intrust_1,business_personal_1,11/01/2023,currency_1,insurer_1,intermediary_id_191,17/03/2023
3f31a709-c7c5-44e8-979f-7e36c1d17d9e,comm_i_term_m_1,intermediary_nm_37,dist_channel_1,intermediary_reg_37,f3ee0e2f-cf3f-41ad-ab01-a568e4135d1f,intrust_1,business_personal_1,12/02/2023,currency_1,insurer_1,intermediary_id_37,17/03/2023
f2296950-dfe7-4c0e-bf0b-f77c1c28ef89,comm_i_term_m_1,intermediary_nm_111,dist_channel_1,intermediary_reg_115,287101ae-5e6c-4d43-b16b-cdc61c724793,intrust_1,business_personal_1,01/12/2022,currency_1,insurer_1,intermediary_id_105,17/03/2023
49a867a7-4750-4262-8505-f935e6769d30,comm_i_term_m_1,intermediary_nm_384,dist_channel_1,intermediary_reg_55,47fda348-ae52-4bd9-adfd-9c88a55af253,intrust_1,business_personal_1,09/02/2023,currency_1,insurer_1,intermediary_id_457,17/03/2023
7d718fb9-a337-4120-b792-8dd49e23c9dd,comm_i_term_m_1,intermediary_nm_338,dist_channel_1,intermediary_reg_292,1c13c594-f000-4962-8d52-8adca14a39fa,intrust_1,business_personal_1,14/02/2023,currency_1,insurer_1,intermediary_id_381,17/03/2023
67c1b2ba-7a98-47e4-9c82-215a3cd7906a,comm_i_term_m_1,intermediary_nm_73,dist_channel_1,intermediary_reg_68,b3920ead-be02-4d30-9736-6fb793ffaf0d,intrust_1,business_personal_1,22/12/2022,currency_1,insurer_1,intermediary_id_72,17/03/2023
668216a5-733b-4783-a3cc-2f7047acb789,comm_i_term_m_1,intermediary_nm_93,dist_channel_1,intermediary_reg_101,c4ffac79-c106-46d9-818a-e57620311750,intrust_1,business_personal_1,15/03/2023,currency_1,insurer_1,intermediary_id_124,17/03/2023
f9d93f41-5a3b-43bd-8d1b-f8927b4df5ee,comm_i_term_m_1,intermediary_nm_20,dist_channel_1,intermediary_reg_24,6b0d7278-7fc6-4162-bf5f-33e27c5de92f,intrust_1,business_personal_1,03/03/2023,currency_1,insurer_1,intermediary_id_19,17/03/2023
c43db301-de33-4997-ab36-6b890da2c898,comm_i_term_m_1,intermediary_nm_2,dist_channel_1,intermediary_reg_2,28c80967-9df8-4c8b-9064-714f34c3a95d,intrust_1,business_personal_1,08/02/2023,currency_1,insurer_1,intermediary_id_2,17/03/2023
8269278a-28a8-4c4d-a225-498ff84e074f,comm_i_term_m_1,intermediary_nm_6,dist_channel_1,intermediary_reg_6,9cb9548a-0f78-4f7c-9baa-4f94b4afa596,intrust_1,business_personal_1,06/01/2023,currency_1,insurer_1,intermediary_id_6,17/03/2023
884435ee-ec2e-4c6c-946c-bfef116062cd,comm_i_term_m_1,intermediary_nm_10,dist_channel_1,intermediary_reg_10,9004a00f-2392-4c51-bea6-8127c8e0d3f7,intrust_1,business_personal_1,09/01/2023,currency_1,insurer_1,intermediary_id_10,17/03/2023
a8718927-0099-4e8d-a3f7-8f8a8e9bfa2c,comm_i_term_m_2,intermediary_nm_123,dist_channel_1,intermediary_reg_117,330e188b-e597-498f-884e-9fc1b9cb40f5,intrust_1,business_personal_1,17/02/2023,currency_1,insurer_1,intermediary_id_114,17/03/2023
d0fe0d95-9f47-42c2-9eeb-bd7e23284760,comm_i_term_m_1,intermediary_nm_439,dist_channel_1,intermediary_reg_288,96b3e82e-060f-49ec-bb31-37dcdb5094d7,intrust_1,business_personal_1,20/01/2023,currency_1,insurer_1,intermediary_id_378,17/03/2023
14b89204-36e2-4278-af90-657891fa4f62,comm_i_term_m_1,intermediary_nm_15,dist_channel_1,intermediary_reg_16,58305ca5-e6d4-404c-9fcb-dd6e814204be,intrust_1,business_personal_1,03/02/2023,currency_1,insurer_1,intermediary_id_15,17/03/2023
9f3a27aa-0207-4eca-972b-ab8ce61c0d2a,comm_i_term_m_1,intermediary_nm_339,dist_channel_1,intermediary_reg_278,a574cd67-f7b3-41b3-897c-ff44df119a4b,intrust_1,business_personal_1,13/01/2023,currency_1,insurer_1,intermediary_id_391,17/03/2023
2601c9d6-625a-4e7c-8549-064d1f153c9a,comm_i_term_m_2,intermediary_nm_5,dist_channel_1,intermediary_reg_5,47f8aa29-82f1-4384-b2d0-10afe3802c99,intrust_1,business_personal_1,15/12/2022,currency_1,insurer_1,intermediary_id_5,17/03/2023
7aab003c-c202-4d96-940c-45f7e0fafaae,comm_i_term_m_1,intermediary_nm_20,dist_channel_1,intermediary_reg_24,fe1aaba5-ddd3-4805-a0c3-adfea69d58e0,intrust_1,business_personal_1,20/12/2022,currency_1,insurer_1,intermediary_id_19,17/03/2023
29bea2bb-96a3-4ac4-9368-64f95aecc6d3,comm_i_term_m_2,intermediary_nm_377,dist_channel_1,intermediary_reg_299,e7202b4c-aa51-4a25-8196-591517949492,intrust_1,business_personal_1,13/01/2023,currency_1,insurer_1,intermediary_id_233,17/03/2023
95e67db2-4b97-4b71-b08a-77a62238f328,comm_i_term_m_1,intermediary_nm_2,dist_channel_1,intermediary_reg_2,aec17817-e011-4b0c-bd69-310cab7d115d,intrust_1,business_personal_1,16/01/2023,currency_1,insurer_1,intermediary_id_2,17/03/2023
bc90ccc3-1db2-4c1f-88b0-263af7ecf948,comm_i_term_m_2,intermediary_nm_397,dist_channel_1,intermediary_reg_471,c8f96b5c-9569-4680-8430-56d6f4ae40b9,intrust_1,business_personal_1,18/01/2023,currency_1,insurer_1,intermediary_id_408,17/03/2023
aebeab02-1d28-4b08-95b5-6d18f7dc7a55,comm_i_term_m_1,intermediary_nm_35,dist_channel_1,intermediary_reg_35,6bc7009a-05a7-4a59-8d9c-a98d2191a587,intrust_1,business_personal_1,23/02/2023,currency_1,insurer_1,intermediary_id_33,17/03/2023
daa7d77f-54cf-4b91-af2d-383da67b9e7a,comm_i_term_m_2,intermediary_nm_9,dist_channel_1,intermediary_reg_8,433bc3ef-ca05-43b2-9959-ce92a347ec77,intrust_1,business_personal_1,09/11/2022,currency_1,insurer_1,intermediary_id_8,17/03/2023
a96ef2f3-91bb-4798-80dd-242bd9200049,comm_i_term_m_1,intermediary_nm_10,dist_channel_1,intermediary_reg_10,d16aad68-ebf5-4b89-a077-6ae54ab39c2e,intrust_1,business_personal_1,15/01/2023,currency_1,insurer_1,intermediary_id_10,17/03/2023
52728e31-4d15-48f6-a4ab-2a5404f08903,comm_i_term_m_1,intermediary_nm_32,dist_channel_1,intermediary_reg_32,13916c7b-7411-48f2-a5ef-06b777c28486,intrust_1,business_personal_1,17/02/2023,currency_1,insurer_1,intermediary_id_32,17/03/2023
9a3bef06-4d96-41fb-8c23-c371512200c4,comm_i_term_m_1,intermediary_nm_145,dist_channel_1,intermediary_reg_187,268c9d83-c706-4e16-9c40-35aaded13407,intrust_1,business_personal_1,24/02/2023,currency_1,insurer_1,intermediary_id_218,17/03/2023
165dc4c2-f277-44e8-a219-77445f77c84a,comm_i_term_m_1,intermediary_nm_353,dist_channel_1,intermediary_reg_441,da9071d2-a849-435d-9bcb-0f4b77ea1ff7,intrust_1,business_personal_1,14/11/2022,currency_1,insurer_1,intermediary_id_478,17/03/2023
a88f0f3e-6196-43a1-ab7d-4747f77db9a4,comm_i_term_m_2,intermediary_nm_23,dist_channel_1,intermediary_reg_3,914245cc-7bb1-4702-81bb-ff29d079e6eb,intrust_1,business_personal_1,06/03/2023,currency_1,insurer_1,intermediary_id_27,17/03/2023
aa10ba2d-a497-4d51-b3c0-19926a9aaf22,comm_i_term_m_2,intermediary_nm_1,dist_channel_1,intermediary_reg_1,9dd29b84-2788-439e-98e1-088d8896d97c,intrust_1,business_personal_1,24/11/2022,currency_1,insurer_1,intermediary_id_1,17/03/2023
2404c151-0f58-4fd4-8436-c664d80dd6fd,comm_i_term_m_1,intermediary_nm_10,dist_channel_1,intermediary_reg_10,ee2a3b7d-0d6f-4817-b596-ceef42a244ae,intrust_1,business_personal_1,24/02/2023,currency_1,insurer_1,intermediary_id_10,17/03/2023
1150649e-f111-439d-a43c-877fac0ca5f4,comm_i_term_m_2,intermediary_nm_3,dist_channel_1,intermediary_reg_3,9fb72619-24be-419c-a686-345604ca48c4,intrust_1,business_personal_1,06/01/2023,currency_1,insurer_1,intermediary_id_3,17/03/2023
07ba5d51-18fc-45b4-83f3-058b3cde6587,comm_i_term_m_1,intermediary_nm_18,dist_channel_1,intermediary_reg_19,41c3158a-c4da-4743-b9fd-fdc83dc13a04,intrust_1,business_personal_1,20/02/2023,currency_1,insurer_1,intermediary_id_17,17/03/2023
d1a1279f-3562-4d14-8a90-b3ba5cd023e0,comm_i_term_m_2,intermediary_nm_8,dist_channel_1,intermediary_reg_9,c4072642-86b7-4150-9e8c-60152498b2a7,intrust_1,business_personal_1,22/11/2022,currency_1,insurer_1,intermediary_id_9,17/03/2023
f946a3d9-632c-41df-8a97-2114e8c00b80,comm_i_term_m_1,intermediary_nm_82,dist_channel_1,intermediary_reg_73,28bd9ed2-36b0-459c-aea8-2e6607f23385,intrust_1,business_personal_1,07/11/2022,currency_1,insurer_1,intermediary_id_77,17/03/2023
3524ebfb-938d-47c7-aac9-da47d663ebb8,comm_i_term_m_1,intermediary_nm_97,dist_channel_1,intermediary_reg_87,8aa43677-ce30-4804-aa0f-87663375b1eb,intrust_1,business_personal_1,13/03/2023,currency_1,insurer_1,intermediary_id_106,17/03/2023
7ced4ed1-0e5a-4f9f-8294-66d07f8b781d,comm_i_term_m_2,intermediary_nm_3,dist_channel_1,intermediary_reg_3,7d7ad544-3480-4bca-90d2-59131ac5c445,intrust_1,business_personal_1,04/01/2023,currency_1,insurer_1,intermediary_id_3,17/03/2023
45384bc4-2887-440b-b957-d5812a8044c6,comm_i_term_m_1,intermediary_nm_2,dist_channel_1,intermediary_reg_2,dc827a77-6e08-490d-9a07-b1650006b86e,intrust_1,business_personal_1,11/11/2022,currency_1,insurer_1,intermediary_id_2,17/03/2023
8931b07d-0bc6-48ca-9561-445d6931b5f9,comm_i_term_m_1,intermediary_nm_2,dist_channel_1,intermediary_reg_2,783b7245-e8eb-49c7-ac47-cd32d121f273,intrust_1,business_personal_1,06/01/2023,currency_1,insurer_1,intermediary_id_2,17/03/2023
c60b617c-3513-4369-8a06-cffbcc28809a,comm_i_term_m_1,intermediary_nm_59,dist_channel_1,intermediary_reg_62,286da624-895b-4a0f-bb29-58f637083547,intrust_1,business_personal_1,25/01/2023,currency_1,insurer_1,intermediary_id_52,17/03/2023
0bc4ce74-0128-4b06-8891-b98766927c94,comm_i_term_m_3,intermediary_nm_4,dist_channel_1,intermediary_reg_4,0260c374-7d97-46c9-b12a-726f1f9f060e,intrust_1,business_personal_1,21/12/2022,currency_1,insurer_1,intermediary_id_4,17/03/2023
18bb9e38-0c51-4405-8282-d3a1015be0da,comm_i_term_m_1,intermediary_nm_200,dist_channel_1,intermediary_reg_156,40fc8bf5-5604-46b8-aa28-0a745c6f5f2c,intrust_1,business_personal_1,02/03/2023,currency_1,insurer_1,intermediary_id_140,17/03/2023
3c496992-b598-4b5c-8e2f-433f117c42b3,comm_i_term_m_1,intermediary_nm_92,dist_channel_1,intermediary_reg_107,820d6132-0e0f-4d5d-b783-e96a821b8725,intrust_1,business_personal_1,01/12/2022,currency_1,insurer_1,intermediary_id_120,17/03/2023
dece768f-4585-4f16-bf89-8fbd08f508ad,comm_i_term_m_1,intermediary_nm_19,dist_channel_1,intermediary_reg_23,9359e2a5-7397-4985-beea-f60392ea5852,intrust_1,business_personal_1,05/01/2023,currency_1,insurer_1,intermediary_id_22,17/03/2023
8c7c5145-82cd-4827-842c-ed37780e22eb,comm_i_term_m_1,intermediary_nm_36,dist_channel_1,intermediary_reg_36,b7bb9200-26fe-43ac-a36e-3d75d7522c39,intrust_1,business_personal_1,08/11/2022,currency_1,insurer_1,intermediary_id_35,17/03/2023
8919e6e1-47aa-4099-a9c7-e6c584afab57,comm_i_term_m_1,intermediary_nm_43,dist_channel_1,intermediary_reg_42,eae1a306-52b0-435e-b500-56d3a27b35ea,intrust_1,business_personal_1,12/03/2023,currency_1,insurer_1,intermediary_id_40,17/03/2023
b3825570-3054-437f-92da-0a3156158b5f,comm_i_term_m_3,intermediary_nm_204,dist_channel_1,intermediary_reg_176,f2351d98-ebb9-4adf-b098-3bf04aeb2c37,intrust_1,business_personal_1,02/02/2023,currency_1,insurer_1,intermediary_id_187,17/03/2023
fdc35381-9605-4e51-af10-b1bba39529ce,comm_i_term_m_1,intermediary_nm_120,dist_channel_1,intermediary_reg_100,fe1415d5-7c63-4e6e-9c8b-c02d96d09923,intrust_1,business_personal_1,10/11/2022,currency_1,insurer_1,intermediary_id_108,17/03/2023
001f981f-1e2f-4ac0-aed4-841c454ff113,comm_i_term_m_1,intermediary_nm_2,dist_channel_1,intermediary_reg_2,243c258c-189a-4aff-a14a-9eaf658a40b9,intrust_1,business_personal_1,15/03/2023,currency_1,insurer_1,intermediary_id_2,17/03/2023
ed67436a-e5b2-405d-bade-e040fe3d736a,comm_i_term_m_1,intermediary_nm_2,dist_channel_1,intermediary_reg_2,16b1c2b0-32e2-4e14-b43f-fc49d31cd4d4,intrust_1,business_personal_1,02/03/2023,currency_1,insurer_1,intermediary_id_2,17/03/2023
8b5f9218-82ff-490b-8401-3361c58f55a8,comm_i_term_m_1,intermediary_nm_6,dist_channel_1,intermediary_reg_6,7c35c929-382e-4b37-adee-cf1f59b92f22,intrust_1,business_personal_1,12/01/2023,currency_1,insurer_1,intermediary_id_6,17/03/2023
b1f64cc8-13b1-4876-a717-d19493fc97be,comm_i_term_m_1,intermediary_nm_359,dist_channel_1,intermediary_reg_354,5e149cf6-6e56-4417-9acb-abe0ae1b2413,intrust_1,business_personal_1,02/03/2023,currency_1,insurer_1,intermediary_id_251,17/03/2023
a371bf75-2f8b-44fd-8ceb-db6caec6a24f,comm_i_term_m_2,intermediary_nm_1,dist_channel_1,intermediary_reg_1,007aa477-0d4e-4c39-b8a0-41691159c3a9,intrust_1,business_personal_1,29/11/2022,currency_1,insurer_1,intermediary_id_1,17/03/2023
f281d3e8-e41f-4213-b8c0-b9f0df6ec320,comm_i_term_m_1,intermediary_nm_16,dist_channel_1,intermediary_reg_17,1cf73d77-7dec-4e18-89cf-b92b8a598ccc,intrust_1,business_personal_1,06/02/2023,currency_1,insurer_1,intermediary_id_16,17/03/2023
56cc96bd-47df-4327-9509-378834be12b1,comm_i_term_m_1,intermediary_nm_394,dist_channel_1,intermediary_reg_421,5107340e-c500-420b-b124-85ae2d517477,intrust_1,business_personal_1,07/11/2022,currency_1,insurer_1,intermediary_id_299,17/03/2023
e44de94c-7356-4ddf-bf8b-e6e011db7df2,comm_i_term_m_1,intermediary_nm_2,dist_channel_1,intermediary_reg_2,dd835a12-41a8-4550-a701-8274191fb92f,intrust_1,business_personal_1,16/02/2023,currency_1,insurer_1,intermediary_id_2,17/03/2023
c47cd4db-02a4-4140-b3c3-8264b7676f94,comm_i_term_m_1,intermediary_nm_6,dist_channel_1,intermediary_reg_6,0ab419b0-7879-4055-b622-5501fc74b4f6,intrust_1,business_personal_1,05/12/2022,currency_1,insurer_1,intermediary_id_6,17/03/2023
c77057d9-7029-41a8-96b8-84b23d478056,comm_i_term_m_1,intermediary_nm_47,dist_channel_1,intermediary_reg_50,9653ec4e-b961-4ec6-a4c5-314c67a1f162,intrust_1,business_personal_1,09/01/2023,currency_1,insurer_1,intermediary_id_48,17/03/2023
583fc336-d53f-4714-a4c9-822fddb13615,comm_i_term_m_2,intermediary_nm_1,dist_channel_1,intermediary_reg_1,4bafc1d2-6092-4b72-8e6b-5663aa397606,intrust_1,business_personal_1,15/11/2022,currency_1,insurer_1,intermediary_id_1,17/03/2023
4d4b548c-7adf-4b62-9743-2894e55467f1,comm_i_term_m_3,intermediary_nm_4,dist_channel_1,intermediary_reg_4,c3c0cadf-e54c-4540-b90c-88e8c9554590,intrust_1,business_personal_1,21/12/2022,currency_1,insurer_1,intermediary_id_4,17/03/2023
d13fa8e1-aa88-481d-a3e9-f9750fe46fd9,comm_i_term_m_1,intermediary_nm_414,dist_channel_1,intermediary_reg_295,3193abaf-2fd5-4d51-a717-d2d4dbf55aa3,intrust_1,business_personal_1,27/01/2023,currency_1,insurer_1,intermediary_id_241,17/03/2023
e6183062-76a8-470b-898e-ceb1219bd695,comm_i_term_m_1,intermediary_nm_36,dist_channel_1,intermediary_reg_36,7841d7e5-2ee5-4017-8984-dc09408b5e81,intrust_1,business_personal_1,07/02/2023,currency_1,insurer_1,intermediary_id_35,17/03/2023
e95efcb4-dd4d-4145-9689-4728f4446e2e,comm_i_term_m_1,intermediary_nm_205,dist_channel_1,intermediary_reg_204,0ec6e270-10c3-4085-a356-d512cf91781d,intrust_1,business_personal_1,11/11/2022,currency_1,insurer_1,intermediary_id_156,17/03/2023
ebb439f1-af38-4edc-abce-b20a648dfca7,comm_i_term_m_1,intermediary_nm_89,dist_channel_1,intermediary_reg_128,28446ded-eceb-4f50-8d1e-732a24f77e19,intrust_1,business_personal_1,18/11/2022,currency_1,insurer_1,intermediary_id_112,17/03/2023
03b5a2b7-7dc6-4039-8ce0-4fadb5791d42,comm_i_term_m_1,intermediary_nm_104,dist_channel_1,intermediary_reg_99,f6877d2b-d715-4227-9922-9f121dbac51d,intrust_1,business_personal_1,01/03/2023,currency_1,insurer_1,intermediary_id_88,17/03/2023
7698c376-5ccd-41ea-bca3-de563733f0ea,comm_i_term_m_1,intermediary_nm_72,dist_channel_1,intermediary_reg_82,1c652fbd-64d2-4c5a-b088-7de85cf95daa,intrust_1,business_personal_1,07/02/2023,currency_1,insurer_1,intermediary_id_63,17/03/2023
69c0cb05-d8f8-4936-8728-fdddff7da4fb,comm_i_term_m_2,intermediary_nm_83,dist_channel_1,intermediary_reg_78,62ed747b-52bf-421e-ac7b-66b108b811d9,intrust_1,business_personal_1,15/03/2023,currency_1,insurer_1,intermediary_id_84,17/03/2023
c1105ff4-11fd-40ce-a4ac-b20daf567e83,comm_i_term_m_1,intermediary_nm_2,dist_channel_1,intermediary_reg_2,3a67242f-be27-4b6e-a3bb-c1740081914d,intrust_1,business_personal_1,10/11/2022,currency_1,insurer_1,intermediary_id_2,17/03/2023
3e6fd746-c1f7-4e04-b9c3-fce97b1a7e9e,comm_i_term_m_1,intermediary_nm_26,dist_channel_1,intermediary_reg_28,feb50f4c-c3ef-4ff0-9d6a-7ad5ef9f47ee,intrust_1,business_personal_1,30/01/2023,currency_1,insurer_1,intermediary_id_28,17/03/2023
b3b3dd32-7449-40ce-ace4-5f40fd9deec0,comm_i_term_m_1,intermediary_nm_259,dist_channel_1,intermediary_reg_314,91f37a03-3a1b-41a9-9e67-30ca8955a7be,intrust_1,business_personal_1,08/03/2023,currency_1,insurer_1,intermediary_id_434,17/03/2023
ee093942-43b9-4cb5-9beb-d521d37f14ef,comm_i_term_m_1,intermediary_nm_121,dist_channel_1,intermediary_reg_96,d229fa86-6401-419d-87da-3ba6974768c4,intrust_1,business_personal_1,14/11/2022,currency_1,insurer_1,intermediary_id_118,17/03/2023
61408fbc-f14e-4135-9bfc-32abb400a828,comm_i_term_m_1,intermediary_nm_170,dist_channel_1,intermediary_reg_174,634d505c-92bd-47a9-a6e0-0c07500cf906,intrust_1,business_personal_1,13/01/2023,currency_1,insurer_1,intermediary_id_147,17/03/2023
3ae5320a-4c28-4b59-8edc-5448ee068165,comm_i_term_m_2,intermediary_nm_106,dist_channel_1,intermediary_reg_83,e18f753f-90f2-4524-a024-ee6a73063d82,intrust_1,business_personal_1,15/11/2022,currency_1,insurer_1,intermediary_id_97,17/03/2023
06f2b39b-c1db-4e8c-ae2d-c78b37d0ef97,comm_i_term_m_1,intermediary_nm_52,dist_channel_1,intermediary_reg_54,fd6779ca-b613-480e-b030-eb163cf91918,intrust_1,business_personal_1,29/11/2022,currency_1,insurer_1,intermediary_id_53,17/03/2023
82f9fb37-660b-4e9d-92c8-8967b39910fd,comm_i_term_m_1,intermediary_nm_115,dist_channel_1,intermediary_reg_91,21a686bc-276e-40df-99c2-aa0a8fc448b3,intrust_1,business_personal_1,17/01/2023,currency_1,insurer_1,intermediary_id_91,17/03/2023
2e96f071-05ac-41ac-a554-2ad9abaaa3a4,comm_i_term_m_1,intermediary_nm_155,dist_channel_1,intermediary_reg_186,8edca1e2-7d30-4cf2-ba21-b3920bd75091,intrust_1,business_personal_1,07/12/2022,currency_1,insurer_1,intermediary_id_195,17/03/2023
64a2e792-126f-41b8-b864-cb731151932a,comm_i_term_m_1,intermediary_nm_6,dist_channel_1,intermediary_reg_6,81f966d6-3d7c-468c-b22d-d3df2096bf9e,intrust_1,business_personal_1,09/02/2023,currency_1,insurer_1,intermediary_id_6,17/03/2023
7c0caec1-b404-487d-a740-da7dd49dc703,comm_i_term_m_1,intermediary_nm_10,dist_channel_1,intermediary_reg_10,e3972616-02de-4b95-8e35-7d18296b0a31,intrust_1,business_personal_1,31/01/2023,currency_1,insurer_1,intermediary_id_10,17/03/2023
d30e94bf-6e08-42d3-9e63-7edae4630966,comm_i_term_m_1,intermediary_nm_40,dist_channel_1,intermediary_reg_21,68e05a2b-e48f-4ab0-85ec-b7f68f5ab974,intrust_1,business_personal_1,08/12/2022,currency_1,insurer_1,intermediary_id_42,17/03/2023
dc7f4f53-15e0-4c41-8d1d-23b09e3bfb66,comm_i_term_m_1,intermediary_nm_186,dist_channel_1,intermediary_reg_142,18055c21-be29-4760-b5e6-bcfbed3c4a1d,intrust_1,business_personal_1,27/01/2023,currency_1,insurer_1,intermediary_id_138,17/03/2023
cb40c8b6-cec7-4380-90f3-862a89c6a1f1,comm_i_term_m_1,intermediary_nm_238,dist_channel_1,intermediary_reg_268,46c64552-a689-4d6b-9cee-cd73e13888a2,intrust_1,business_personal_1,10/11/2022,currency_1,insurer_1,intermediary_id_370,17/03/2023
ad4262f7-971e-497c-8aaa-271c2460a732,comm_i_term_m_2,intermediary_nm_1,dist_channel_1,intermediary_reg_1,83219a3a-f98d-4e35-9f00-3d62fcb23078,intrust_1,business_personal_1,09/12/2022,currency_1,insurer_1,intermediary_id_1,17/03/2023
d9309bba-9712-4524-8841-a1ec89ea0032,comm_i_term_m_1,intermediary_nm_355,dist_channel_1,intermediary_reg_325,7061be17-8841-4a5f-9eec-99b056ae84ea,intrust_1,business_personal_1,23/01/2023,currency_1,insurer_1,intermediary_id_317,17/03/2023
e3c0b089-eebb-4e04-88ed-b900246d2c80,comm_i_term_m_1,intermediary_nm_70,dist_channel_1,intermediary_reg_67,8a021c43-5ce6-4e75-ac67-aa653d1c9efa,intrust_1,business_personal_1,07/02/2023,currency_1,insurer_1,intermediary_id_76,17/03/2023
edc338f1-babe-4705-b657-22688830e37c,comm_i_term_m_1,intermediary_nm_17,dist_channel_1,intermediary_reg_18,5c113031-3723-4000-af77-c588a48c179c,intrust_1,business_personal_1,08/12/2022,currency_1,insurer_1,intermediary_id_18,17/03/2023
afc1d0ff-24f5-4f8d-bd67-11a61c133f50,comm_i_term_m_2,intermediary_nm_5,dist_channel_1,intermediary_reg_5,199afe9f-f783-4bd9-a874-896f965c0d3f,intrust_1,business_personal_1,05/12/2022,currency_1,insurer_1,intermediary_id_5,17/03/2023
e8c4693f-a1b9-4fd2-9cb2-b5d89d8c98a6,comm_i_term_m_1,intermediary_nm_351,dist_channel_1,intermediary_reg_470,6da3c223-f92d-4f1e-80e3-af8918c5578f,intrust_1,business_personal_1,19/01/2023,currency_1,insurer_1,intermediary_id_322,17/03/2023
8dfb5d84-113c-4fb0-bb9f-9166b2496726,comm_i_term_m_1,intermediary_nm_2,dist_channel_1,intermediary_reg_2,4e223420-f912-41f5-9018-fe9bf326b1ec,intrust_1,business_personal_1,22/11/2022,currency_1,insurer_1,intermediary_id_2,17/03/2023
90f16424-2430-4a05-8f1d-598ab01bf31e,comm_i_term_m_1,intermediary_nm_176,dist_channel_1,intermediary_reg_283,46737d33-aa0d-487b-8950-bed05a492a5c,intrust_1,business_personal_1,18/01/2023,currency_1,insurer_1,intermediary_id_275,17/03/2023
48d0352a-1c19-428f-97bb-8a470af9f9b5,comm_i_term_m_1,intermediary_nm_302,dist_channel_1,intermediary_reg_126,7f04272d-b7a7-4d19-8e87-c373f99284cf,intrust_1,business_personal_1,25/01/2023,currency_1,insurer_1,intermediary_id_353,17/03/2023
c0467396-dffe-4215-8b8c-626a13e7f529,comm_i_term_m_1,intermediary_nm_239,dist_channel_1,intermediary_reg_429,d9b85073-0eb6-43d7-a90a-6e5a813dbb87,intrust_1,business_personal_1,07/03/2023,currency_1,insurer_1,intermediary_id_422,17/03/2023
b3804932-a44b-468b-98df-b6d9381f4b4b,comm_i_term_m_1,intermediary_nm_2,dist_channel_1,intermediary_reg_2,ffe657cf-332b-497d-88df-b20b065135dc,intrust_1,business_personal_1,17/11/2022,currency_1,insurer_1,intermediary_id_2,17/03/2023
c5ffb8b9-08f2-4d24-976e-ee33cf043851,comm_i_term_m_1,intermediary_nm_440,dist_channel_1,intermediary_reg_344,da81cfc7-85fa-4559-8d16-974260611c83,intrust_1,business_personal_1,07/12/2022,currency_1,insurer_1,intermediary_id_337,17/03/2023
92d7e264-9bb3-4bff-9113-153aa185b70f,comm_i_term_m_1,intermediary_nm_47,dist_channel_1,intermediary_reg_50,38351397-32f1-492c-938e-6ae06d8317a6,intrust_1,business_personal_1,28/11/2022,currency_1,insurer_1,intermediary_id_48,17/03/2023
8287c907-0be9-4c60-b5b1-02a155497e67,comm_i_term_m_1,intermediary_nm_166,dist_channel_1,intermediary_reg_192,94c26f06-16cc-43b1-b1e8-c8dba6d623d9,intrust_1,business_personal_1,14/03/2023,currency_1,insurer_1,intermediary_id_217,17/03/2023
f6115729-982f-4f6b-9aff-74dbd3a4695b,comm_i_term_m_3,intermediary_nm_49,dist_channel_1,intermediary_reg_51,2dedcef2-97f7-4668-a4f3-917a5d526986,intrust_1,business_personal_1,09/12/2022,currency_1,insurer_1,intermediary_id_46,17/03/2023
6f52d566-d83b-479b-bfd6-a8a92e6b7240,comm_i_term_m_1,intermediary_nm_14,dist_channel_1,intermediary_reg_14,b87dbb32-6c3b-4c61-9c01-95a53b860aa0,intrust_1,business_personal_1,15/02/2023,currency_1,insurer_1,intermediary_id_14,17/03/2023
8ac11a78-ba88-4811-bb29-ea767d832020,comm_i_term_m_1,intermediary_nm_65,dist_channel_1,intermediary_reg_47,71d06a44-9f1f-415c-88a6-86908d5f8247,intrust_1,business_personal_1,25/11/2022,currency_1,insurer_1,intermediary_id_75,17/03/2023
f295f140-1af1-4af5-af15-415ce674569c,comm_i_term_m_1,intermediary_nm_19,dist_channel_1,intermediary_reg_23,dbeb05d1-a491-4c7d-9331-88aea449f286,intrust_1,business_personal_1,18/11/2022,currency_1,insurer_1,intermediary_id_22,17/03/2023
0dacf06a-75f1-4a47-9ffb-bd5b602ccf8c,comm_i_term_m_1,intermediary_nm_19,dist_channel_1,intermediary_reg_23,654f95fd-6f5f-4548-801f-e28eb70cddf1,intrust_1,business_personal_1,25/01/2023,currency_1,insurer_1,intermediary_id_22,17/03/2023
8137a0cb-0a20-4d3f-aa52-8cc71d474b50,comm_i_term_m_1,intermediary_nm_183,dist_channel_1,intermediary_reg_215,d0fc76d7-b2e0-428b-982b-ccfe311f86e2,intrust_1,business_personal_1,06/03/2023,currency_1,insurer_1,intermediary_id_168,17/03/2023
fa63fca8-2a43-48e7-b2d9-847be09a8b32,comm_i_term_m_1,intermediary_nm_48,dist_channel_1,intermediary_reg_46,2952d486-341c-441b-87b8-333216a29f8e,intrust_1,business_personal_1,21/12/2022,currency_1,insurer_1,intermediary_id_47,17/03/2023
5ba0fc3b-4a0d-4a73-aad4-983dd4b4bafd,comm_i_term_m_1,intermediary_nm_460,dist_channel_1,intermediary_reg_389,7755fee7-87e3-40d6-a043-8f935c07a7fa,intrust_1,business_personal_1,08/02/2023,currency_1,insurer_1,intermediary_id_470,17/03/2023
532a347f-8b72-4d96-9d44-b89667174826,comm_i_term_m_1,intermediary_nm_314,dist_channel_1,intermediary_reg_275,b2fdf1e0-9e22-4ef4-a039-8bacb81b0e49,intrust_1,business_personal_1,17/02/2023,currency_1,insurer_1,intermediary_id_221,17/03/2023
f1766e91-6794-406c-aa01-7fa09ef6f53c,comm_i_term_m_1,intermediary_nm_328,dist_channel_1,intermediary_reg_358,f896e674-879a-496a-a432-7344748431de,intrust_1,business_personal_1,12/01/2023,currency_1,insurer_1,intermediary_id_315,17/03/2023
f76d2aaf-9ee5-4153-9d0a-39d78b01c07c,comm_i_term_m_1,intermediary_nm_281,dist_channel_1,intermediary_reg_418,f6cde97a-c49c-4222-9122-cbb494b0a562,intrust_1,business_personal_1,09/02/2023,currency_1,insurer_1,intermediary_id_261,17/03/2023
1041852d-aa2d-480e-9e5d-e60c427b4e30,comm_i_term_m_1,intermediary_nm_404,dist_channel_1,intermediary_reg_241,11730dd6-56fe-4910-a285-25db353f5fb8,intrust_1,business_personal_1,21/02/2023,currency_1,insurer_1,intermediary_id_429,17/03/2023
54b6ed82-f979-4110-8450-95f6dcae8ef7,comm_i_term_m_1,intermediary_nm_2,dist_channel_1,intermediary_reg_2,2b11bd89-b554-4c3f-812d-97ec559714a7,intrust_1,business_personal_1,28/11/2022,currency_1,insurer_1,intermediary_id_2,17/03/2023
46449960-6c7c-4dff-bd8f-d080ee3c0647,comm_i_term_m_1,intermediary_nm_124,dist_channel_1,intermediary_reg_95,0ed28370-8bd8-4be3-af6e-10bab583411c,intrust_1,business_personal_1,08/12/2022,currency_1,insurer_1,intermediary_id_94,17/03/2023
a0d427e3-9aea-472d-9cef-bc49b11e0f44,comm_i_term_m_1,intermediary_nm_35,dist_channel_1,intermediary_reg_35,c02abc0f-cad8-4450-b7ac-460aac75f196,intrust_1,business_personal_1,15/02/2023,currency_1,insurer_1,intermediary_id_33,17/03/2023
0d5fa5ef-7753-4d85-8593-26759c79194d,comm_i_term_m_1,intermediary_nm_2,dist_channel_1,intermediary_reg_2,358ae0b8-3731-4e8e-9a71-5e1c876fc3f6,intrust_1,business_personal_1,25/11/2022,currency_1,insurer_1,intermediary_id_2,17/03/2023
3dd425dd-8b4e-41cc-9234-e46e72b88da9,comm_i_term_m_1,intermediary_nm_39,dist_channel_1,intermediary_reg_41,c7db941b-ee51-4136-a16b-ed8206009826,intrust_1,business_personal_1,21/02/2023,currency_1,insurer_1,intermediary_id_43,17/03/2023
8194fabe-e1ab-427f-bf13-8ae3bebc9bf0,comm_i_term_m_2,intermediary_nm_9,dist_channel_1,intermediary_reg_8,386eeae2-0d30-42b9-aa83-f46b0eec611d,intrust_1,business_personal_1,21/11/2022,currency_1,insurer_1,intermediary_id_8,17/03/2023
c71f81e9-e26d-4131-b8ae-fb8a28fd714f,comm_i_term_m_3,intermediary_nm_4,dist_channel_1,intermediary_reg_4,00cf34eb-6b9a-43ee-9b85-15f9d815d7e9,intrust_1,business_personal_1,16/11/2022,currency_1,insurer_1,intermediary_id_4,17/03/2023
a1e5d675-7647-48a8-bd5c-9a0cef383bbb,comm_i_term_m_1,intermediary_nm_27,dist_channel_1,intermediary_reg_29,37decffc-93c0-4fbd-aa58-e7bbd6157ff4,intrust_1,business_personal_1,29/12/2022,currency_1,insurer_1,intermediary_id_24,17/03/2023
9e87129e-79f4-495f-ba0e-0320de49ac54,comm_i_term_m_2,intermediary_nm_3,dist_channel_1,intermediary_reg_3,0adae2a3-3c59-4056-bf74-7475dd8053c5,intrust_1,business_personal_1,26/01/2023,currency_1,insurer_1,intermediary_id_3,17/03/2023
5f715bea-95b3-425c-ab12-715d2677a6fe,comm_i_term_m_1,intermediary_nm_151,dist_channel_1,intermediary_reg_166,91a71efa-348e-43e7-996d-dea48e0bad37,intrust_1,business_personal_1,13/12/2022,currency_1,insurer_1,intermediary_id_203,17/03/2023
7d4450de-6e85-40f2-b480-000cea9116c9,comm_i_term_m_1,intermediary_nm_29,dist_channel_1,intermediary_reg_25,ad69f0f1-be9d-4eda-9fc8-af0c92c63bf4,intrust_1,business_personal_1,31/01/2023,currency_1,insurer_1,intermediary_id_26,17/03/2023
02a85a81-49e6-4dec-a762-df133f387718,comm_i_term_m_1,intermediary_nm_16,dist_channel_1,intermediary_reg_17,a7c81162-b6af-4b7d-8df2-7b57887019ac,intrust_1,business_personal_1,13/12/2022,currency_1,insurer_1,intermediary_id_16,17/03/2023
ea83c47d-53bd-4a8f-a5f8-93bf784420e2,comm_i_term_m_1,intermediary_nm_165,dist_channel_1,intermediary_reg_139,5b7a68ff-46a0-46d1-a912-cc20fd72944a,intrust_1,business_personal_1,13/03/2023,currency_1,insurer_1,intermediary_id_139,17/03/2023
361837d0-e1a2-4a0a-b5ff-2d220d2fb893,comm_i_term_m_2,intermediary_nm_9,dist_channel_1,intermediary_reg_8,1bd00192-4a10-4449-8d0b-fa06ede24f8a,intrust_1,business_personal_1,09/02/2023,currency_1,insurer_1,intermediary_id_8,17/03/2023
12e1130a-edcc-45f7-8e3d-94f3aae3aa3c,comm_i_term_m_1,intermediary_nm_422,dist_channel_1,intermediary_reg_355,7d96dd30-9fa8-4bc4-a841-c85988994f5c,intrust_1,business_personal_1,03/03/2023,currency_1,insurer_1,intermediary_id_257,17/03/2023
90038edc-91ac-49b0-a041-1d8ae6263d14,comm_i_term_m_2,intermediary_nm_1,dist_channel_1,intermediary_reg_1,fd159cbe-a0d8-43de-8348-6a4327dd3dc3,intrust_1,business_personal_1,07/11/2022,currency_1,insurer_1,intermediary_id_1,17/03/2023
8e74840c-ce4f-4a79-8bcd-45d63b239b87,comm_i_term_m_1,intermediary_nm_176,dist_channel_1,,547bd12d-6832-48ce-8934-1098168b2420,intrust_1,business_personal_1,13/02/2023,currency_1,insurer_1,,17/03/2023
655789ff-3248-462b-a3a8-e7f9a367f830,comm_i_term_m_1,intermediary_nm_2,dist_channel_1,intermediary_reg_2,23b9b2ac-39aa-4566-ae2a-b8cc9d1c39d2,intrust_1,business_personal_1,17/11/2022,currency_1,insurer_1,intermediary_id_2,17/03/2023
f4013e06-55e3-4417-85c2-1e5680948603,comm_i_term_m_1,intermediary_nm_121,dist_channel_1,intermediary_reg_96,fdc12920-8ec0-449a-a625-911919bd4c40,intrust_1,business_personal_1,24/11/2022,currency_1,insurer_1,intermediary_id_118,17/03/2023
97514de3-e397-49eb-a366-c4f08370d1e1,comm_i_term_m_1,intermediary_nm_441,dist_channel_1,intermediary_reg_459,2e3d5c73-ce57-418d-9677-46a46e9baf86,intrust_1,business_personal_1,15/03/2023,currency_1,insurer_1,intermediary_id_480,17/03/2023
5bada7c3-9998-4ea9-ad23-935d5ec17221,comm_i_term_m_1,intermediary_nm_344,dist_channel_1,intermediary_reg_221,a2e3030c-6ef3-48ee-97cf-6127cd234978,intrust_1,business_personal_1,25/01/2023,currency_1,insurer_1,intermediary_id_373,17/03/2023
1fb668ba-f800-486f-968d-51d83ef3ed96,comm_i_term_m_1,intermediary_nm_284,dist_channel_1,intermediary_reg_416,fd12ae3d-2422-4b16-92df-52a50382db94,intrust_1,business_personal_1,20/02/2023,currency_1,insurer_1,intermediary_id_407,17/03/2023
b65d5d1c-1d19-4b51-af49-547aeff8a992,comm_i_term_m_3,intermediary_nm_4,dist_channel_1,intermediary_reg_4,46cd24e4-8d65-4742-a1f2-409ac7d1c47a,intrust_1,business_personal_1,07/12/2022,currency_1,insurer_1,intermediary_id_4,17/03/2023
5867ead0-c65d-4fb1-975b-b2d9d78b550d,comm_i_term_m_1,intermediary_nm_6,dist_channel_1,intermediary_reg_6,caf11383-bfaa-415f-9c9b-41b30fe1a4b8,intrust_1,business_personal_1,06/12/2022,currency_1,insurer_1,intermediary_id_6,17/03/2023
c96e7926-b126-4550-9dae-55b2d40b9ce8,comm_i_term_m_1,intermediary_nm_427,dist_channel_1,intermediary_reg_276,0a5af18b-043a-4418-a7e2-10890afeefe6,intrust_1,business_personal_1,29/11/2022,currency_1,insurer_1,intermediary_id_375,17/03/2023
9ea53bb7-b87e-42ce-9154-77bc10b58eb9,comm_i_term_m_1,intermediary_nm_63,dist_channel_1,intermediary_reg_76,d4e607ea-7ea5-4990-b9a7-ddefe6deb782,intrust_1,business_personal_1,08/03/2023,currency_1,insurer_1,intermediary_id_80,17/03/2023
ad02f58c-db9a-4eeb-9c5a-5e04c61534b4,comm_i_term_m_1,intermediary_nm_487,dist_channel_1,intermediary_reg_461,048fbc56-630c-4133-b7d1-a78ced1d137c,intrust_1,business_personal_1,12/12/2022,currency_1,insurer_1,intermediary_id_402,17/03/2023
6dbcf6df-0b50-4a43-a55f-f1db526fd1cb,comm_i_term_m_1,intermediary_nm_213,dist_channel_1,intermediary_reg_202,f6a220f4-6019-4aa9-a5c0-c06329460f8e,intrust_1,business_personal_1,16/01/2023,currency_1,insurer_1,intermediary_id_176,17/03/2023
e68dbe56-9bce-48db-b0d5-ebbfdbd95e7d,comm_i_term_m_2,intermediary_nm_3,dist_channel_1,intermediary_reg_3,ba6cf231-71b4-4186-b828-95a576b53858,intrust_1,business_personal_1,08/03/2023,currency_1,insurer_1,intermediary_id_3,17/03/2023
ff52066a-5af5-4364-b7c5-ea2691757810,comm_i_term_m_2,intermediary_nm_13,dist_channel_1,intermediary_reg_13,473b3102-71a5-4602-ac43-dcddecff4f86,intrust_1,business_personal_1,20/01/2023,currency_1,insurer_1,intermediary_id_13,17/03/2023
56caa027-a0ef-4a83-8c38-3f90dd2307c7,comm_i_term_m_1,intermediary_nm_311,dist_channel_1,intermediary_reg_409,a84e8b21-0df5-4ab1-b26a-820ab3c28fa4,intrust_1,business_personal_1,17/02/2023,currency_1,insurer_1,intermediary_id_445,17/03/2023
e29203fa-5268-4ff4-a6c7-3404f46a30e0,comm_i_term_m_1,intermediary_nm_2,dist_channel_1,intermediary_reg_2,15ec0b7b-f369-4d95-ad70-3cb37ceb1daf,intrust_1,business_personal_1,26/01/2023,currency_1,insurer_1,intermediary_id_2,17/03/2023
40318cfe-b112-402c-9e3e-18e9780aa981,comm_i_term_m_3,intermediary_nm_4,dist_channel_1,intermediary_reg_4,51d61a17-a0e2-4650-b74d-ff82f081fe82,intrust_1,business_personal_1,08/11/2022,currency_1,insurer_1,intermediary_id_4,17/03/2023
99e17d29-728c-4b3e-b36d-50abdf69a6ec,comm_i_term_m_2,intermediary_nm_5,dist_channel_1,intermediary_reg_5,aadf3dcf-5137-4e7e-8c68-9c2dd8488201,intrust_1,business_personal_1,23/01/2023,currency_1,insurer_1,intermediary_id_5,17/03/2023
7863f182-e696-4704-889a-c798a2f4dab8,comm_i_term_m_1,intermediary_nm_35,dist_channel_1,intermediary_reg_35,070afa7e-16f4-4c9e-b853-377fb481c907,intrust_1,business_personal_1,05/01/2023,currency_1,insurer_1,intermediary_id_33,17/03/2023
3bf6ff7f-0059-4b3d-9ac8-7010d2d77ce3,comm_i_term_m_3,intermediary_nm_4,dist_channel_1,intermediary_reg_4,b6720f9c-c9d1-463f-9c7b-0ff39c523603,intrust_1,business_personal_1,15/12/2022,currency_1,insurer_1,intermediary_id_4,17/03/2023
91be8391-2bef-4618-bee5-c9fe286fa56e,comm_i_term_m_1,intermediary_nm_104,dist_channel_1,intermediary_reg_99,a1bcbed8-f789-44fa-a2cb-df6797808e35,intrust_1,business_personal_1,14/02/2023,currency_1,insurer_1,intermediary_id_88,17/03/2023
c6f73dce-b556-4404-8c93-e37cd3343279,comm_i_term_m_1,intermediary_nm_2,dist_channel_1,intermediary_reg_2,6d832579-2a03-49a0-aa1c-41125a93b09f,intrust_1,business_personal_1,10/02/2023,currency_1,insurer_1,intermediary_id_2,17/03/2023
7f98cc8d-b8ab-4ad3-9c99-15d47eb89848,comm_i_term_m_1,intermediary_nm_6,dist_channel_1,intermediary_reg_6,9187be82-2057-41cb-be77-66d045a32975,intrust_1,business_personal_1,23/02/2023,currency_1,insurer_1,intermediary_id_6,17/03/2023
d7f428b7-4508-45e5-987a-0c67d0a5638c,comm_i_term_m_1,intermediary_nm_2,dist_channel_1,intermediary_reg_2,0bdda822-8745-4176-90ca-873988a00b90,intrust_1,business_personal_1,16/11/2022,currency_1,insurer_1,intermediary_id_2,17/03/2023
f5be95c3-a6b2-4d6e-beac-784aed66ecba,comm_i_term_m_1,intermediary_nm_220,dist_channel_1,intermediary_reg_398,c89b513d-a25d-4d2b-8469-934501266ef4,intrust_1,business_personal_1,18/01/2023,currency_1,insurer_1,intermediary_id_260,17/03/2023
471c8381-cbe4-477d-83d5-da25fcb10b7e,comm_i_term_m_2,intermediary_nm_9,dist_channel_1,intermediary_reg_8,8f39e7d6-6c83-48b9-b441-eca6228e545b,intrust_1,business_personal_1,21/01/2023,currency_1,insurer_1,intermediary_id_8,17/03/2023
f3e336d3-71ab-4e2e-a81f-6c1269323bc5,comm_i_term_m_1,intermediary_nm_2,dist_channel_1,intermediary_reg_2,29e2b5b6-f7e0-4882-ba86-ca67026aa147,intrust_1,business_personal_1,06/03/2023,currency_1,insurer_1,intermediary_id_2,17/03/2023
0800679c-9ee8-4f3f-9947-c771abaf341e,comm_i_term_m_2,intermediary_nm_1,dist_channel_1,intermediary_reg_1,b3caf4ed-9667-4a47-87b0-6574044c764d,intrust_1,business_personal_1,30/11/2022,currency_1,insurer_1,intermediary_id_1,17/03/2023
b22d1ab7-a09d-4065-88a7-042c9f0a4126,comm_i_term_m_1,intermediary_nm_124,dist_channel_1,intermediary_reg_95,78add89b-56c8-4023-ba7f-78ff030313bf,intrust_1,business_personal_1,03/03/2023,currency_1,insurer_1,intermediary_id_94,17/03/2023
3f8c27fc-81b3-409f-beae-38f415762b36,comm_i_term_m_1,intermediary_nm_30,dist_channel_1,intermediary_reg_33,210df15a-4002-47df-9929-5999cf4b8a19,intrust_1,business_personal_1,07/03/2023,currency_1,insurer_1,intermediary_id_30,17/03/2023
39322563-7749-4b05-a035-adfb5c67c8c1,comm_i_term_m_1,intermediary_nm_2,dist_channel_1,intermediary_reg_2,e94b60fa-e102-4a69-afda-adb8a383fd95,intrust_1,business_personal_1,14/02/2023,currency_1,insurer_1,intermediary_id_2,17/03/2023
9a853178-e84f-4e48-bc35-8cff9227add4,comm_i_term_m_3,intermediary_nm_49,dist_channel_1,intermediary_reg_51,2fb3833d-7853-4d1d-83d4-d151adf671a2,intrust_1,business_personal_1,16/03/2023,currency_1,insurer_1,intermediary_id_46,17/03/2023
6fe2ed20-dd57-4e29-af98-ca3a51f9e30a,comm_i_term_m_3,intermediary_nm_49,dist_channel_1,intermediary_reg_51,aab49163-1192-4e9f-9c82-eb0449db11a1,intrust_1,business_personal_1,15/03/2023,currency_1,insurer_1,intermediary_id_46,17/03/2023
9df544f1-9ac2-450f-8246-5074098ebcb3,comm_i_term_m_1,intermediary_nm_62,dist_channel_1,intermediary_reg_60,ad5a418c-a94f-4317-82b6-b306b92a452b,intrust_1,business_personal_1,15/03/2023,currency_1,insurer_1,intermediary_id_55,17/03/2023
1d9e9ae1-6138-4b68-977e-38d04c303aaa,comm_i_term_m_3,intermediary_nm_4,dist_channel_1,intermediary_reg_4,67092d85-4c6c-4560-8c54-55d93add3fb6,intrust_1,business_personal_1,09/02/2023,currency_1,insurer_1,intermediary_id_4,17/03/2023
f527c684-d42c-4a3e-acb4-bfe180fb0b54,comm_i_term_m_1,intermediary_nm_33,dist_channel_1,intermediary_reg_30,6a21f117-287a-43cc-a895-1e2e1b28160c,intrust_1,business_personal_1,11/11/2022,currency_1,insurer_1,intermediary_id_31,17/03/2023
af7f6773-1111-4719-98f2-14fc8bcd4886,comm_i_term_m_2,intermediary_nm_3,dist_channel_1,intermediary_reg_3,d63134bf-5e8a-4b2c-b04e-c49aa9e155c8,intrust_1,business_personal_1,15/12/2022,currency_1,insurer_1,intermediary_id_3,17/03/2023
2b850a43-1c80-4d65-90a7-27e0838632ee,comm_i_term_m_1,intermediary_nm_423,dist_channel_1,intermediary_reg_356,c1e079b0-487d-47e0-b010-f14950c078dc,intrust_1,business_personal_1,23/02/2023,currency_1,insurer_1,intermediary_id_332,17/03/2023
ffcdbefe-5f87-46be-8dbc-49e3b92c7bf7,comm_i_term_m_1,intermediary_nm_390,dist_channel_1,intermediary_reg_379,29c6a20b-1c7d-47e4-a99a-b15c507e423c,intrust_1,business_personal_1,15/02/2023,currency_1,insurer_1,intermediary_id_360,17/03/2023
ecb1e533-c152-4152-acf8-7b42b8ec177d,comm_i_term_m_1,intermediary_nm_53,dist_channel_1,intermediary_reg_63,1d7be93d-19c0-45bf-93a6-18f81fa456a7,intrust_1,business_personal_1,18/11/2022,currency_1,insurer_1,intermediary_id_51,17/03/2023
d2f0ac4f-fb9b-40f9-9ada-8a6e383e6131,comm_i_term_m_1,intermediary_nm_291,dist_channel_1,intermediary_reg_365,59374eb2-551c-4121-b93e-3c7245d8f52f,intrust_1,business_personal_1,17/01/2023,currency_1,insurer_1,intermediary_id_301,17/03/2023
9b497dd6-9a27-4c08-a545-e0c7e36e5d1f,comm_i_term_m_2,intermediary_nm_3,dist_channel_1,intermediary_reg_3,a719810f-6c1c-455d-9792-749f80b5c859,intrust_1,business_personal_1,19/01/2023,currency_1,insurer_1,intermediary_id_3,17/03/2023
76a2b812-148b-4909-956c-2eea2ed031db,comm_i_term_m_1,intermediary_nm_52,dist_channel_1,intermediary_reg_54,ffe1ef2f-94b0-4ca7-bb11-b820b2af7bc0,intrust_1,business_personal_1,02/03/2023,currency_1,insurer_1,intermediary_id_53,17/03/2023
865a0e6f-0adb-4d00-9448-ee2318122c4a,comm_i_term_m_1,intermediary_nm_2,dist_channel_1,intermediary_reg_2,4047c11b-8825-4255-9fb3-b407c84276da,intrust_1,business_personal_1,25/01/2023,currency_1,insurer_1,intermediary_id_2,17/03/2023
493fb7de-ae93-4fa5-be3b-8f6ebc8ca5c4,comm_i_term_m_1,intermediary_nm_2,dist_channel_1,intermediary_reg_2,813012a2-552a-4ed0-a9c8-f18b00b3cc7b,intrust_1,business_personal_1,13/03/2023,currency_1,insurer_1,intermediary_id_2,17/03/2023
b99e75be-4dae-48ed-aa9d-cc51aaaa2ead,comm_i_term_m_2,intermediary_nm_23,dist_channel_1,intermediary_reg_3,0ba6beb8-bc37-4aa0-969b-095eae060639,intrust_1,business_personal_1,08/02/2023,currency_1,insurer_1,intermediary_id_27,17/03/2023
b2314bb5-ed41-42eb-989d-cf693aabebf8,comm_i_term_m_1,intermediary_nm_448,dist_channel_1,intermediary_reg_319,6f6901b3-dcb9-4974-809a-4087f261725f,intrust_1,business_personal_1,12/02/2023,currency_1,insurer_1,intermediary_id_283,17/03/2023
c38b8b75-ba45-442a-b9a4-804390250e8b,comm_i_term_m_1,intermediary_nm_33,dist_channel_1,intermediary_reg_30,2cabdd7a-6b21-4b45-bdbc-f72e6a7fa013,intrust_1,business_personal_1,11/11/2022,currency_1,insurer_1,intermediary_id_31,17/03/2023
e9f46e8e-0844-4d00-88c9-a6aece5a13fc,comm_i_term_m_1,intermediary_nm_41,dist_channel_1,intermediary_reg_40,87b4e1d4-9d82-4579-8544-a50000ae2f14,intrust_1,business_personal_1,01/02/2023,currency_1,insurer_1,intermediary_id_39,17/03/2023
8661a6f0-c33d-4ecb-a1e4-2d71a73552da,comm_i_term_m_2,intermediary_nm_13,dist_channel_1,intermediary_reg_13,74b98e6e-3c96-4268-91a3-6c6ba062e8bb,intrust_1,business_personal_1,25/11/2022,currency_1,insurer_1,intermediary_id_13,17/03/2023
f125b46f-d0da-47af-b736-7dad594ec778,comm_i_term_m_1,intermediary_nm_58,dist_channel_1,intermediary_reg_49,584fb0f9-089f-443d-820a-313b19cc0d5c,intrust_1,business_personal_1,08/11/2022,currency_1,insurer_1,intermediary_id_359,17/03/2023